{"AADI": 0.1775534892212783, "AALI": 0.12465136995787018, "ACES": 0.01959393909272717, "ADHI": 0.13720233019622352, "ADMR": 0.142540877705159, "ADRO": 0.21655591203458424, "AGII": -0.16841084823299118, "AGRO": 0.0854166344024342, "AKPI": 0.06140666425810652, "AKRA": 0.08460143230770296, "ALTO": 0.005070192691599768, "AMAN": 0.5077055187878863, "AMMN": 0.03228970953696927, "AMRT": 0.23113133604154537, "ANTM": 0.47947877574520165, "ARGO": 0.2073299588454565, "ARNA": -0.07337246951410004, "ARTO": 0.15167327096400904, "ASII": 0.4329793080381921, "ASSA": 0.18756242867797113, "AVIA": 0.093034690156692, "BALI": 0.13470088222575863, "BBCA": 0.5571416297672062, "BBKP": 0.013545278900548548, "BBNI": 0.4005398019896243, "BBRI": 0.5731389482194301, "BBSS": -0.0517223322207647, "BBTN": 0.24651394077690045, "BCIP": -0.14941471461130876, "BFIN": -0.10070861823084921, "BIRD": 0.13102850072123925, "BJTM": 0.18076561291321488, "BMRI": 0.5493055612157908, "BNBA": -0.3148291899626483, "BREN": 0.09312283739876762, "BRIS": 0.33570989415900937, "BRPT": 0.11979838693116442, "BSDE": -0.02525335008319946, "BTPS": 0.2325808933270622, "BUKA": 0.13908194330333404, "CMRY": 0.04371313215959446, "CPIN": 0.11266237464873434, "CTRA": 0.03452726143101677, "CUAN": 0.06927792470643035, "DEWA": 0.3020676006263043, "DMAS": 0.060063624819612485, "DOID": 0.07772315287457747, "DSNG": 0.20956103156055844, "DSSA": 0.21367556864626736, "ELSA": 0.25147109309440946, "EMTK": 0.056174088799739494, "ENRG": 0.2965557356447155, "ERAA": -0.14368445103223462, "ESSA": 0.05548512162799165, "EXCL": 0.01579871869788826, "FILM": 0.11679575969657849, "GGRM": 0.01919736855817065, "GJTL": 0.32884819986659614, "GOTO": 0.3327247938774948, "HEXA": 0.11320475288392268, "HMSP": 0.028254698947503723, "HOKI": -0.041706234078940634, "HRTA": 0.2803720466562945, "HRUM": 0.10823380635779364, "ICBP": 0.12901036381439307, "IGAR": 0.11197146891113731, "IMAS": 0.02456038476014039, "INCO": 0.15071903197041767, "INDF": 0.3147630041219702, "INDY": 0.18250615054822478, "INET": 0.20381958700467462, "INKP": 0.2614819118701056, "INTA": -0.12937804536526606, "INTP": 0.04944300584320523, "IPOL": -0.10417256619743134, "ISAT": 0.16236805668900073, "ITMG": 0.20229826390174652, "JARR": -0.04523994554290836, "JPFA": 0.08029552860307741, "JSMR": 0.08404993391790477, "KBLI": 0.12153903056824353, "KIJA": 0.025081768971499996, "KLBF": 0.12468518721240988, "KRAS": 0.05953610487909266, "LINK": 0.08642389851043288, "LPPF": 0.13765601640206898, "MAPA": 0.037969617845962485, "MAPI": 0.1466882481693158, "MBMA": 0.004253583685755987, "MDIA": 0.026197235955491567, "MDKA": 0.06432535192364226, "MDLN": -0.03247849515076178, "MEDC": -0.048133398111446214, "MIKA": 0.15115570379895524, "MKPI": 0.11966449096962146, "MNCN": 0.2496226397605338, "MTEL": -0.002338650366123956, "MYOR": -0.10401669220494292, "NCKL": 0.15024431388347415, "NIKL": 0.022869386295832028, "PANI": 0.24501712807028772, "PGAS": 0.39900560733681073, "PGEO": 0.08274532293810599, "PNBN": 0.1931659085713054, "POWR": 0.06987839912077977, "PSAB": 0.45432148262799993, "PTBA": 0.2647234422698474, "PTPP": 0.3305744639985288, "PTRO": 0.07260904256416095, "PWON": 0.06026523246833749, "RAJA": 0.22594886286227323, "RALS": 0.12643683592449323, "RATU": 0.1380513249985682, "SCMA": 0.003123248693023378, "SIDO": 0.1450916420030504, "SILO": -0.04006577980450326, "SMBR": 0.17211237474658486, "SMDR": 0.2769206938333515, "SMGR": 0.10792211663998319, "SMRA": -0.007573997522893166, "SRTG": 0.1538000195754826, "SSMS": 0.10858037509947835, "TBIG": 0.04615888475943625, "TINS": -0.0363117236148686, "TKIM": 0.013674299529210057, "TLKM": 0.38803757586082127, "TOTL": 0.15779653662509457, "TOWR": 0.13469157218152722, "TPIA": 0.07838049679270617, "TSPC": -0.06479291334645311, "UNTR": 0.32296180759881965, "UNVR": 0.3903617070605457, "WIFI": 0.2109362681113306, "WIIM": -0.0692996071369284, "WIKA": -0.11770248958147783, "WSBP": 0.06575595516723967, "WTON": 0.05930173189332867}